{"actionDiversity":1,"dailyMessage":0.2803738317757009,"trackProgress":0.06542056074766354,"meetingAttendance":0.06542056074766354,"seekSupport":0.5607476635514018,"referenceSteps":0.02803738317757009}